45.180158,536
45.361248,1072
45.542811,1608
45.724373,2144
45.904991,2680
45.905935,3216
46.087497,3752
46.088441,4288
46.089385,4824
46.270003,5360
46.270947,5896
46.271891,6432
46.272835,6968
46.451566,7504
46.452510,8040
46.453454,8576
46.454398,9112
46.455342,9648
46.456286,10184
46.633600,10720
46.634544,11256
46.635488,11792
46.636432,12328
46.637376,12864
46.638320,13400
46.639264,13936
46.640208,14472
46.641152,15008
46.814226,15544
46.815170,16080
46.816114,16616
46.817058,17152
46.818002,17688
46.818946,18224
46.819890,18760
46.820834,19296
46.821778,19832
46.822722,20368
46.823666,20904
46.824610,21440
46.825554,21976
46.826498,22512
46.995316,23048
46.996260,23584
46.997204,24120
46.998148,24656
46.999092,25192
47.000036,25728
47.000980,26264
47.001924,26800
47.002868,27336
47.003812,27872
47.004756,28408
47.005700,28944
47.006644,29480
47.007588,30016
47.008532,30552
47.009476,31088
47.010420,31624
47.011364,32160
47.012308,32696
47.013252,33232
47.014196,33768
47.176406,34304
47.177350,34840
47.178294,35376
47.179238,35912
47.180182,36448
47.181126,36984
47.182070,37520
47.183014,38056
47.183958,38592
47.184902,39128
47.185846,39664
47.186790,40200
47.187734,40736
47.188678,41272
47.189622,41808
47.190566,42344
47.191510,42880
47.192462,43416
47.193406,21172
47.546201,21185
47.547145,21198
47.548089,21211
47.549033,21224
47.549977,21237
47.550921,21250
47.551865,21263
47.552809,21276
47.553753,21289
47.554697,21302
47.555641,21315
47.556585,21328
47.557529,21341
47.558473,21354
47.559417,21367
47.560361,21380
47.561785,21393
47.562729,9916
47.916413,9944
47.917357,9972
47.918301,10000
47.919245,10028
47.920189,10056
47.921133,10084
47.922077,10112
47.923501,10140
47.924445,10168
48.097504,10196
48.098448,10224
48.099392,10252
48.100336,10280
48.101280,10307
48.102224,10334
48.103168,10361
48.104591,10388
48.105535,10415
48.278594,10442
48.279538,10469
48.280482,10496
48.281906,4556
48.640782,4619
48.641726,4681
48.642670,4742
48.643614,4802
48.821872,4861
48.822816,4920
48.823760,4978
48.824704,5035
49.002963,5092
49.003907,5148
49.004851,5203
49.005795,5258
49.183581,5312
49.184525,5366
49.185469,5419
49.186413,5472
49.364199,5524
49.365143,5576
49.366087,5627
49.367031,5678
49.367975,5728
49.545289,5778
49.546233,5827
49.547177,5876
49.548121,5924
49.549065,5972
49.726380,6020
49.727324,6067
49.728268,6114
49.729212,6160
49.730156,6206
49.906998,6252
49.907942,6297
49.908886,6342
49.909830,6387
49.910774,6431
50.087616,6475
50.088560,6519
50.089504,6563
50.090448,6606
50.091392,6649
50.268234,6692
50.269178,6734
50.270122,6776
50.271066,6818
50.272010,6860
50.272954,6901
50.449324,6942
50.450268,6983
50.451212,7024
50.452156,7064
50.453100,7104
50.454044,7144
50.630415,7184
50.631359,7223
50.632303,7262
50.633247,7301
50.634191,7340
50.635135,7379
50.811033,7417
50.811977,7455
50.812921,7493
50.813865,7531
50.814809,7569
50.815753,7606
50.991651,7643
50.992595,7680
50.994491,3216
51.353839,3305
51.354791,3391
51.355735,3475
51.534930,3557
51.535881,3637
51.536825,3715
51.716020,3792
51.716971,3867
51.717915,3941
51.897110,4013
51.898054,4084
51.898998,4154
52.077728,4223
52.078672,4291
52.079616,4357
52.258347,4422
52.259291,4486
52.260235,4550
52.261179,4613
52.439437,4675
52.440381,4736
52.441325,4796
52.442269,4855
52.620527,4914
52.621471,4972
52.622415,5029
52.623359,5086
52.801145,5142
52.802089,5197
52.803033,5252
52.803977,5306
52.981763,5360
52.982707,5413
52.983651,5466
52.984595,5518
53.162382,5570
53.163326,5621
53.164270,5672
53.165214,5722
53.166158,5772
53.343472,5821
53.344416,5870
53.345360,5918
53.346304,5966
53.347248,6014
53.524562,6061
53.526458,2412
53.886750,2531
53.887702,2644
54.067841,2752
54.068792,2856
54.248931,2956
54.249875,3053
54.429549,3147
54.430493,3238
54.610167,3326
54.611111,3412
54.612055,3496
54.791258,3578
54.792202,3658
54.793146,3736
54.972348,3812
54.973292,3887
54.974236,3960
55.153438,4032
55.154382,4103
55.155326,4173
55.334056,4241
55.335000,4308
55.335944,4374
55.514674,4439
55.515618,4503
55.516562,4566
55.517506,4628
55.695765,4690
55.696709,4751
55.697653,4811
55.698597,4870
55.876855,4928
55.877799,4986
55.878743,5043
55.879687,5099
56.057473,5155
56.058417,5210
56.059361,5265
56.060305,5319
56.238091,5373
56.239035,5426
56.239979,5478
56.240923,5530
56.418710,5581
56.419654,5632
56.420598,5683
56.421542,5733
56.422486,5783
56.599800,5832
56.600744,5881
56.601688,5929
56.602632,5977
56.603576,6025
56.780890,6072
56.781834,6119
56.782778,6165
56.783722,6211
56.784666,6257
56.961508,6302
56.962452,6347
56.963396,6392
56.965292,2412
57.325592,2531
57.326536,2644
57.506682,2752
57.507626,2856
57.687773,2956
57.688717,3053
57.868391,3147
57.869335,3238
58.049009,3326
58.049953,3412
58.050897,3496
58.230099,3578
58.231043,3658
58.231987,3736
58.411190,3812
58.412134,3887
58.413078,3960
58.592280,4032
58.593224,4103
58.594168,4173
58.772898,4241
58.773842,4308
58.774786,4374
58.953516,4439
58.954460,4503
58.955404,4566
58.956348,4628
59.134607,4690
59.135551,4751
59.136495,4811
59.137439,4870
59.315697,4928
59.316641,4986
59.317585,5043
59.318529,5099
59.496315,5155
59.497259,5210
59.498203,5265
59.499147,5319
59.676933,5373
59.677877,5426
59.678821,5478
59.679765,5530
59.857551,5581
59.858495,5632
59.859439,5683
59.860383,5733
59.861327,5783
60.038642,5832
60.039586,5881
60.040530,5929
60.041474,5977
60.042418,6025
60.219732,6072
60.220676,6119
60.221620,6165
60.222564,6211
60.223508,6257
60.400350,6302
60.401294,6347
60.402238,6392
60.403182,6436
60.404126,6480
60.580968,6524
60.581912,6568
60.582856,6611
60.583800,6654
60.584744,6697
60.585688,6739
60.762059,6781
60.763003,6823
60.763947,6865
60.765842,2680
61.125663,2787
61.126614,2890
61.306281,2989
61.307233,3085
61.486899,3178
61.487851,3268
61.667518,3355
61.668469,3440
61.669413,3523
61.848608,3604
61.849559,3683
61.850503,3761
62.029698,3837
62.030650,3911
62.031594,3984
62.210316,4056
62.211268,4126
62.212212,4195
62.390934,4263
62.391886,4330
62.392830,4396
62.571553,4461
62.572504,4525
62.573448,4588
62.574392,4650
62.752643,4711
62.753595,4771
62.754539,4831
62.755483,4890
62.933733,4948
62.934685,5006
62.935629,5063
62.936573,5119
63.114351,5175
63.115303,5230
63.116247,5284
63.117191,5338
63.294970,5391
63.295921,5444
63.296865,5496
63.297809,5548
63.475588,5599
63.476532,5650
63.477476,5700
63.479364,5750
63.656678,5799
63.657622,5848
63.658566,5897
63.660454,5945
63.661398,5993
63.837768,6040
63.838712,6087
63.839656,6134
63.841072,6180
63.842016,6226
64.018387,6272
64.019331,6317
64.020275,6362
64.021691,6407
64.022635,6451
64.199005,6495
64.199949,6539
64.200893,6582
64.202309,6625
64.203253,6668
64.204197,6711
64.380095,6753
64.381039,6795
64.381983,6837
64.383399,6879
64.384343,6920
64.385287,6961
64.561185,7002
64.562129,7043
64.563073,7083
64.564489,7123
64.565433,7163
64.566377,7203
64.742276,7242
64.743220,7281
64.744164,7320
64.745108,7359
64.746052,7398
64.746996,7436
64.922894,7474
64.923838,7512
64.924782,7550
64.925726,7588
64.926670,7625
64.927614,7662
65.103512,7699
65.104456,7736
65.105400,7773
65.106344,7809
65.107288,7845
65.108232,7881
65.109176,7917
65.284602,7953
65.285546,7989
65.286490,8024
65.287434,8059
65.288378,8094
65.289322,8129
65.290266,8164
65.465692,8199
65.466636,8234
65.467580,8268
65.468524,8302
65.469468,8336
65.470412,8370
65.471356,8404
65.646311,8438
65.647255,8472
65.648199,8505
65.649143,8538
65.650087,8571
65.651031,8604
65.651975,8637
65.826929,8670
65.827873,8703
65.828817,8736
65.829761,8768
65.830705,8800
65.831649,8832
65.832593,8864
65.833537,8896
66.008019,8928
66.008963,8960
66.009907,8992
66.010851,9023
66.011795,9054
66.012739,9085
66.013683,9116
66.014627,9147
66.189109,9178
66.190053,9209
66.190997,9240
66.191941,9271
66.192885,9301
66.193829,9331
66.194773,9361
66.195717,9391
66.369728,9421
66.370672,9451
66.371616,9481
66.372560,9511
66.373504,9541
66.375399,4020
66.734276,4091
66.735220,4161
66.736172,4230
66.914894,4297
66.915838,4363
66.916790,4428
67.095512,4492
67.096456,4555
67.097400,4618
67.098344,4680
67.276603,4741
67.277547,4801
67.278491,4860
67.279435,4919
67.457693,4977
67.458637,5034
67.459581,5091
67.460525,5147
67.638311,5202
67.639255,5257
67.640199,5311
67.641143,5365
67.818929,5418
67.819873,5471
67.820817,5523
67.821761,5575
67.822705,5626
68.000019,5677
68.000963,5727
68.001907,5777
68.002851,5826
68.003795,5875
68.181110,5923
68.182054,5971
68.182998,6019
68.183942,6066
68.184886,6113
68.362200,6159
68.363144,6205
68.364088,6251
68.365032,6296
68.365976,6341
68.542818,6386
68.543762,6430
68.544706,6474
68.545650,6518
68.546594,6562
68.723436,6605
68.724380,6648
68.725324,6691
68.726268,6733
68.727212,6775
68.728156,6817
68.904527,6859
68.905471,6900
68.906415,6941
68.907359,6982
68.908303,7023
68.909247,7063
69.085617,7103
69.086561,7143
69.087505,7183
69.088449,7222
69.089393,7261
69.090337,7300
69.266235,7339
69.267179,7378
69.268123,7416
69.269067,7454
69.270011,7492
69.270955,7530
69.446853,7568
69.447797,7605
69.448741,7642
69.449685,7679
69.450629,7716
69.451573,7753
69.452517,7790
69.627944,7826
69.628888,7862
69.629832,7898
69.630776,7934
69.631720,7970
69.632664,8006
69.633608,8041
69.809034,8076
69.809978,8111
69.810922,8146
69.811866,8181
69.812810,8216
69.813754,8250
69.814698,8284
69.989652,8318
69.990596,8352
69.991540,8386
69.992484,8420
69.993428,8454
69.994372,8487
69.995316,8520
70.170270,8553
70.171214,8586
70.172158,8619
70.173102,8652
70.174046,8685
70.174990,8718
70.175934,8750
70.350889,8782
70.351833,8814
70.352777,8846
70.353721,8878
70.354665,8910
70.355609,8942
70.356553,8974
70.357497,9006
70.531979,9037
70.532923,9068
70.533867,9099
70.534811,9130
70.535755,9161
70.536699,9192
70.537643,9223
70.538587,9254
70.713069,9285
70.714013,9315
70.714957,9345
70.715901,9375
70.716845,9405
70.717789,9435
70.718733,9465
70.719677,9495
70.893687,9525
70.894631,9555
70.895575,9585
70.896519,9614
70.897463,9643
70.898407,9672
70.899351,9701
70.900295,9730
71.074306,9759
71.075250,9788
71.076194,9817
71.077137,9846
71.078081,9875
71.079025,9904
71.079969,9933
71.080913,9961
71.081857,9989
71.255396,10017
71.256340,10045
71.257284,10073
71.258228,10101
71.259172,10129
71.260116,10157
71.261060,10185
71.262004,10213
71.262948,10241
71.436486,10269
71.437430,10296
71.438374,10323
71.439318,10350
71.440262,10377
71.441206,10404
71.442150,10431
71.443094,10458
71.444038,10485
71.617104,10512
71.618048,10539
71.618992,10566
71.619936,10593
71.620880,10620
71.621824,10647
71.622768,10673
71.623712,10699
71.624656,10725
71.797722,10751
71.798666,10777
71.799610,10803
71.800554,10829
71.801498,10855
71.802442,10881
71.803386,10907
71.804330,10933
71.805274,10959
71.806218,10985
71.978813,11011
71.979757,11037
71.980701,11063
71.981645,11088
71.982589,11113
71.983533,11138
71.984477,11163
71.985421,11188
71.986365,11213
71.987309,11238
72.159903,11263
72.160847,11288
72.161791,11313
72.162735,11338
72.163679,11363
72.164623,11388
72.165567,11413
72.166511,11438
72.167455,11463
72.168399,11488
72.340993,11513
72.341937,11537
72.342881,11561
72.343825,11585
72.344769,11609
72.345713,11633
72.346657,11657
72.347601,11681
72.348545,11705
72.349489,11729
72.521611,11753
72.522555,11777
72.523499,11801
72.524443,11825
72.525387,11849
72.526331,11873
72.527275,11897
72.528219,11921
72.529163,11945
72.530107,11969
72.702230,11993
72.703174,12016
72.704118,12039
72.705062,12062
72.706006,12085
72.706950,12108
72.707894,12131
72.708838,12154
72.709782,12177
72.710726,12200
72.711670,12223
72.883320,12246
72.884264,12269
72.885208,12292
72.886152,12315
72.887096,12338
72.888040,12361
72.888984,12384
72.890408,12407
72.891352,5628
73.249284,5679
73.251180,2144
73.611480,2278
73.612424,2404
73.792570,2523
73.793514,2636
73.973660,2744
73.974604,2848
74.154751,2948
74.155695,3045
74.335369,3139
74.336313,3230
74.515987,3318
74.516931,3404
74.517875,3488
74.697077,3570
74.698021,3650
74.698965,3728
74.878167,3805
74.879111,3880
74.880055,3954
75.059258,4026
75.060202,4097
75.061146,4167
75.239876,4235
75.240820,4302
75.241764,4368
75.420494,4433
75.421438,4497
75.422382,4560
75.423326,4623
75.602536,1608
75.963308,1786
76.143927,1946
76.324545,2093
76.505163,2230
76.685781,2358
76.686725,2479
76.866871,2594
76.867815,2704
77.047962,2810
77.048906,2912
77.228580,3010
77.229524,3105
77.409198,3197
77.410142,3286
77.589816,3373
77.590760,3458
77.591704,3541
77.770907,3622
77.771851,3701
77.772795,3778
77.951997,3854
77.952941,3928
77.953885,4001
78.132615,4072
78.133559,4142
78.134503,4211
78.313233,4279
78.314177,4346
78.315121,4412
78.493852,4477
78.494796,4541
78.495740,4604
78.496684,4666
78.674942,4727
78.675886,4787
78.676830,4847
78.677774,4906
78.856032,4964
78.856976,5021
78.857920,5078
78.858864,5134
79.036650,5189
79.037594,5244
79.038538,5298
79.039482,5352
79.217269,5405
79.218213,5458
79.219157,5510
79.220101,5562
79.397887,5613
79.398831,5664
79.399775,5714
79.400719,5764
79.401663,5813
79.578977,5862
79.579921,5911
79.580865,5959
79.581809,6007
79.582753,6054
79.760067,6101
79.761011,6148
79.761955,6194
79.762899,6240
79.940693,2412
80.125087,2531
80.301930,2644
80.306178,2752
80.483020,2856
80.487268,2956
80.663638,3053
80.667886,3147
80.844256,3238
80.848504,3326
81.024875,3412
81.025819,3496
81.029595,3578
81.205965,3658
81.206909,3736
81.210685,3812
81.387055,3887
81.387999,3960
81.391775,4032
81.567673,4103
81.568617,4173
81.572393,4241
81.748292,4308
81.749236,4374
81.753012,4439
81.928910,4503
81.929861,4566
81.933637,1608
82.292050,1786
82.472668,1946
82.653286,2093
82.833904,2230
83.014523,2358
83.015467,2479
83.195613,2594
83.196557,2704
83.376703,2810
83.377647,2912
83.557321,3010
83.558265,3105
83.737939,3197
83.738883,3286
83.918558,3373
83.919502,3458
83.920446,3541
84.099648,3622
84.100592,3701
84.101536,3778
84.280738,3854
84.281682,3928
84.282626,4001
84.461356,4072
84.462300,4142
84.463244,4211
84.641975,4279
84.642919,4346
84.643863,4412
84.822593,4477
84.823537,4541
84.824481,4604
84.825425,4666
85.003683,4727
85.004627,4787
85.005571,4847
85.006515,4906
85.184773,4964
85.185717,5021
85.186661,5078
85.187605,5134
85.365392,5189
85.366336,5244
85.367280,5298
85.368224,5352
85.546010,5405
85.546954,5458
85.547898,5510
85.548842,5562
85.726628,5613
85.727572,5664
85.728516,5714
85.729460,5764
85.730404,5813
85.907718,5862
85.908662,5911
85.909606,5959
85.910550,6007
85.911494,6054
86.088809,6101
86.089753,6148
86.090697,6194
86.091641,6240
86.092585,6286
86.269427,6331
86.270371,6376
86.271315,6421
86.272259,6465
86.273203,6509
86.450045,6553
86.450989,6596
86.451933,6639
86.452877,6682
86.453821,6724
86.454765,6766
86.631135,6808
86.632079,6850
86.633023,6891
86.633967,6932
86.634911,6973
86.635855,7014
86.812226,7054
86.813170,7094
86.814114,7134
86.815058,7174
86.816002,7214
86.816946,7253
86.992844,7292
86.993788,7331
86.994732,7370
86.995676,7408
86.996620,7446
86.997564,7484
87.173462,7522
87.174406,7560
87.175350,7598
87.176294,7635
87.177238,7672
87.178182,7709
87.354080,7746
87.355024,7783
87.355968,7819
87.356912,7855
87.357856,7891
87.358800,7927
87.359744,7963
87.535170,7999
87.536114,8034
87.537058,8069
87.538002,8104
87.538946,8139
87.539890,8174
87.540834,8209
87.716261,8243
87.717205,8277
87.718149,8311
87.719093,8345
87.720037,8379
87.720981,8413
87.721925,8447
87.896879,8481
87.897823,8514
87.898767,8547
87.899711,8580
87.900655,8613
87.901599,8646
87.902543,8679
88.077497,8712
88.078496,8744
88.079865,3752
88.438741,3828
88.439740,3903
88.440684,3976
88.619360,4048
88.620358,4118
88.621302,4187
88.799978,4255
88.800977,4322
88.801921,4388
88.980596,4453
88.981595,4517
88.982539,4580
88.983483,4642
89.161686,4703
89.162685,4764
89.163629,4824
89.164573,4883
89.342777,4941
89.343775,4999
89.344719,5056
89.345663,5112
89.523395,5168
89.524394,5223
89.525338,5278
89.526282,5332
89.704013,5385
89.705012,5438
89.705956,5490
89.706900,5542
89.884631,5593
89.885575,5644
89.886519,5694
89.887463,5744
89.888407,5794
90.065721,5843
90.066665,5892
90.067609,5940
90.068553,5988
90.069497,6035
90.246812,6082
90.247756,6129
90.248700,6175
90.249644,6221
90.250588,6267
90.427430,6312
90.428374,6357
90.429318,6402
90.430262,6446
90.431206,6490
90.608048,6534
90.608992,6577
90.609936,6620
90.610880,6663
90.611824,6706
90.612768,6748
90.789138,6790
90.790082,6832
90.791026,6874
90.791970,6915
90.792914,6956
90.793858,6997
90.970229,7038
90.971173,7078
90.972117,7118
90.973061,7158
90.974005,7198
90.974949,7237
91.150847,7276
91.151791,7315
91.152735,7354
91.153679,7393
91.154623,7431
91.155567,7469
91.331465,7507
91.332409,7545
91.333353,7583
91.334297,7620
91.335241,7657
91.336185,7694
91.512083,7731
91.513027,7768
91.513971,7804
91.514915,7840
91.515859,7876
91.516803,7912
91.517747,7948
91.693174,7984
91.694118,8019
91.695062,8054
91.696006,8089
91.696950,8124
91.697894,8159
91.698838,8194
91.874264,8229
91.875208,8263
91.876152,8297
91.877096,8331
91.878040,8365
91.878984,8399
91.879928,8433
92.054882,8467
92.055826,8500
92.056770,8533
92.057714,8566
92.058658,8599
92.059602,8632
92.060546,8665
92.235500,8698
92.236444,8731
92.237388,8763
92.238332,8795
92.239276,8827
92.240220,8859
92.241164,8891
92.242108,8923
92.416591,8955
92.417535,8987
92.418479,9018
92.419423,9049
92.420367,9080
92.421311,9111
92.422255,9142
92.423199,9173
92.597681,9204
92.598625,9235
92.599569,9266
92.600513,9297
92.601457,9327
92.602401,9357
92.603345,9387
92.604289,9417
92.778299,9447
92.779243,9477
92.780187,9507
92.781131,9537
92.782075,9567
92.783019,9597
92.783963,9626
92.784907,9655
92.958917,9684
92.959861,9713
92.960805,9742
92.961749,9771
92.962693,9800
92.963637,9829
92.964581,9858
92.966477,4288
93.324881,4355
93.325825,4420
93.326777,4484
93.327721,4548
93.505972,4611
93.506916,4673
93.507867,4734
93.508811,4794
93.687062,4853
93.688006,4912
93.688958,4970
93.689902,5027
93.868152,5084
93.869096,5140
93.870040,5195
93.870984,5250
94.048770,5304
94.049714,5358
94.050658,5411
94.051602,5464
94.229389,5516
94.230333,5568
94.231277,5619
94.232221,5670
94.233165,5720
94.410479,5770
94.411423,5819
94.412367,5868
94.413311,5916
94.414255,5964
94.591569,6012
94.592513,6059
94.593457,6106
94.594401,6153
94.595345,6199
94.772187,6245
94.773131,6291
94.774075,6336
94.775019,6381
94.775963,6426
94.952806,6470
94.953750,6514
94.954694,6558
94.955638,6601
94.956582,6644
95.133424,6687
95.134368,6729
95.135312,6771
95.136256,6813
95.137200,6855
95.138144,6896
95.314514,6937
95.315458,6978
95.316402,7019
95.317346,7059
95.318290,7099
95.319234,7139
95.495604,7179
95.496548,7219
95.497492,7258
95.498436,7297
95.499380,7336
95.500324,7375
95.676222,7413
95.677166,7451
95.678110,7489
95.679054,7527
95.679998,7565
95.680942,7602
95.856841,7639
95.857785,7676
95.858729,7713
95.859673,7750
95.860617,7787
95.861561,7823
95.862505,7859
96.037931,7895
96.038875,7931
96.039819,7967
96.040763,8003
96.041707,8038
96.042651,8073
96.043595,8108
96.219021,8143
96.219965,8178
96.220909,8213
96.221853,8247
96.222797,8281
96.223741,8315
96.224685,8349
96.399639,8383
96.400583,8417
96.401527,8451
96.402471,8484
96.403415,8517
96.404359,8550
96.405303,8583
96.580258,8616
96.581202,8649
96.582146,8682
96.583090,8715
96.584034,8747
96.584978,8779
96.585922,8811
96.586866,8843
96.762292,8875
96.763236,8907
96.764180,8939
96.765124,8971
96.766068,9003
96.767012,9034
96.767956,9065
96.943382,9096
96.944326,9127
96.945270,9158
96.946214,9189
96.947158,9220
96.948102,9251
96.949046,9282
96.949990,9312
97.124472,9342
97.125416,9372
97.126360,9402
97.127304,9432
97.128248,9462
97.129192,9492
97.130136,9522
97.131080,9552
97.305091,9582
97.306035,9611
97.306979,9640
97.307923,9669
97.308867,9698
97.309811,9727
97.310755,9756
97.311699,9785
97.485709,9814
97.486653,9843
97.487597,9872
97.488541,9901
97.489485,9930
97.490429,9958
97.491373,9986
97.492317,10014
97.493261,10042
97.666799,10070
97.667743,10098
97.668687,10126
97.669631,10154
97.670575,10182
97.671519,10210
97.672463,10238
97.673407,10266
97.674351,10293
97.847889,10320
97.848833,10347
97.849777,10374
97.850721,10401
97.851665,10428
97.852609,10455
97.853553,10482
97.854497,10509
97.855441,10536
98.028508,10563
98.029452,10590
98.030396,10617
98.031340,10644
98.032284,10670
98.033228,10696
98.034172,10722
98.035116,10748
98.036060,10774
98.209126,10800
98.210070,10826
98.211014,10852
98.211958,10878
98.212902,10904
98.213846,10930
98.214790,10956
98.215734,10982
98.216678,11008
98.217622,11034
98.390216,11060
98.391160,11085
98.392104,11110
98.393048,11135
98.393992,11160
98.394936,11185
98.395880,11210
98.396824,11235
98.397768,11260
98.398712,11285
98.571306,11310
98.572250,11335
98.573194,11360
98.574138,11385
98.575082,11410
98.576026,11435
98.576970,11460
98.577914,11485
98.578858,11510
98.579802,11534
98.751924,11558
98.752868,11582
98.753812,11606
98.754756,11630
98.755700,11654
98.756644,11678
98.757588,11702
98.758532,11726
98.759476,11750
98.760420,11774
98.932543,11798
98.933487,11822
98.934431,11846
98.935375,11870
98.936319,11894
98.937263,11918
98.938207,11942
98.939151,11966
98.940095,11990
98.941039,12013
99.113161,12036
99.114105,12059
99.115049,12082
99.115993,12105
99.116937,12128
99.117881,12151
99.118825,12174
99.119769,12197
99.120713,12220
99.121657,12243
99.122601,12266
99.294251,12289
99.295195,12312
99.296139,12335
99.297083,12358
99.298027,12381
99.298971,12404
99.299915,12427
99.300859,12450
99.301803,12473
99.302747,12496
99.303691,12518
99.475341,12540
99.476285,12562
99.477229,12584
99.478173,12606
99.479117,12628
99.480061,12650
99.481005,12672
99.481949,12694
99.482893,12716
99.483837,12738
99.484781,12760
99.655960,12782
99.656904,12804
99.657848,12826
99.658792,12848
99.659736,12870
99.660680,12892
99.661624,12914
99.662568,12936
99.663512,12958
99.664456,12980
99.665400,13002
99.836578,13024
99.837522,13046
99.838466,13068
99.839410,13089
99.840354,13110
99.841298,13131
99.842242,13152
99.843186,13173
99.844130,13194
99.845074,13215
99.846018,13236
99.846962,13257
100.017668,13278
100.018612,13299
100.019556,13320
100.020500,13341
100.021444,13362
100.022388,13383
100.023332,13404
100.024276,13425
100.025220,13446
100.026164,13467
100.027108,13488
100.028052,13509
100.198758,13530
100.199702,13551
100.200646,13572
100.201590,13593
100.202534,13614
100.203478,13635
100.204422,13656
100.205366,13677
100.206310,13698
100.207254,13718
100.208198,13738
100.209142,13758
100.379377,13778
100.380321,13798
100.381265,13818
100.382209,13838
100.383153,13858
100.384097,13878
100.385041,13898
100.385985,13918
100.386929,13938
100.387873,13958
100.388817,13978
100.389761,13998
100.559995,14018
100.560939,14038
100.561883,14058
100.562827,14078
100.563771,14098
100.564715,14118
100.565659,14138
100.566603,14158
100.567547,14178
100.568491,14198
100.569435,14218
100.570379,14238
100.571323,14258
100.741085,14278
100.742029,14298
100.742973,14318
100.744397,14338
100.745341,6432
100.933039,6476
101.102801,6520
101.103745,6564
101.104689,6607
101.106113,6650
101.107057,6693
101.114129,6735
101.283891,6777
101.284835,6819
101.285779,6861
101.287203,6902
101.288147,6943
101.295219,6984
101.464982,7025
101.465926,7065
101.466870,7105
101.468293,7145
101.469237,7185
101.476310,7224
101.645600,7263
101.646544,7302
101.647488,7341
101.648912,7380
101.649910,7418
101.657408,2948
102.011155,3045
102.018180,3139
102.191773,3230
102.198798,3318
102.372391,3404
102.373335,3488
102.379888,3570
102.553481,3650
102.554425,3728
102.560978,3805
102.734572,3880
102.735516,3954
102.742069,4026
102.915245,4097
102.916614,1340
103.277905,1554
103.458995,1738
103.640085,1903
103.820704,2053
104.001322,2192
104.181940,2323
104.182884,2446
104.363030,2563
104.363974,2675
104.544121,2782
104.545065,2885
104.725211,2984
104.726155,3080
104.905829,3173
104.906773,3263
105.086447,3351
105.087391,3436
105.088335,3519
105.267537,3600
105.268481,3679
105.269425,3757
105.448628,3833
105.449572,3907
105.450516,3980
105.629246,4052
105.630190,4122
105.631134,4191
105.809864,4259
105.810808,4326
105.811752,4392
105.990482,4457
105.991426,4521
105.992370,4584
105.993314,4646
106.171573,4707
106.172517,4768
106.173461,4828
106.174405,4887
106.352663,4945
106.353607,5003
106.354551,5060
106.355495,5116
106.533281,5172
106.534225,5227
106.535169,5281
106.536113,5335
106.713899,5388
106.714843,5441
106.715787,5493
106.716731,5545
106.894518,5596
106.895462,5647
106.896406,5697
106.897350,5747
106.898294,5796
107.075608,5845
107.076552,5894
107.077496,5942
107.078440,5990
107.079384,6037
107.256698,6084
107.257642,6131
107.258586,6177
107.259530,6223
107.260474,6269
107.437316,6314
107.438260,6359
107.439204,6404
107.440148,6448
107.441092,6492
107.617935,6536
107.618879,6579
107.619823,6622
107.620767,6665
107.621711,6708
107.622655,6750
107.799025,6792
107.799969,6834
107.800913,6876
107.801857,6917
107.802801,6958
107.803745,6999
107.980115,7040
107.981059,7080
107.982003,7120
107.982947,7160
107.983891,7200
107.984835,7239
108.160733,7278
108.161677,7317
108.162621,7356
108.163565,7395
108.164509,7433
108.165453,7471
108.341351,7509
108.342295,7547
108.343239,7585
108.344183,7622
108.345127,7659
108.346071,7696
108.521970,7733
108.522914,7770
108.523858,7806
108.524802,7842
108.525746,7878
108.526690,7914
108.527634,7950
108.703060,7986
108.704004,8021
108.704948,8056
108.705892,8091
108.706836,8126
108.707780,8161
108.708724,8196
108.885102,3484
109.070440,3566
109.244977,3646
109.246346,3724
109.251530,3801
109.426067,3876
109.427436,3950
109.432621,4022
109.606686,4093
109.608054,4163
109.613239,4232
109.787304,4299
109.788673,4365
109.793857,4430
109.967922,4494
109.968866,4557
109.969810,4620
109.974947,4682
110.149012,4743
110.149956,4803
110.150900,4862
110.156038,4921
110.330103,4979
110.331047,5036
110.331991,5093
110.336656,5149
110.510721,5204
110.511665,5259
110.512609,5313
110.517274,5367
110.691339,5420
110.692283,5473
110.693227,5525
110.697892,5576
110.698836,5627
110.872429,5678
110.873373,5728
110.874317,5778
110.878982,5827
110.879926,5876
111.053520,5924
111.054464,5972
111.055408,6020
111.060073,6067
111.061017,6114
111.234610,6160
111.235554,6206
111.236498,6252
111.240691,6297
111.241635,6342
111.415228,6387
111.416172,6431
111.417116,6475
111.421309,6519
111.422253,6563
111.595846,6606
111.596790,6649
111.597734,6692
111.598678,6734
111.602399,6776
111.603343,6818
111.776937,6860
111.777881,6901
111.778825,6942
111.779769,6983
111.783490,7024
111.784434,7064
111.958027,7104
111.958971,7144
111.959915,7184
111.960859,7223
111.964108,7262
111.965052,7301
112.138645,7340
112.139589,7379
112.140533,7417
112.141477,7455
112.144726,7493
112.145670,7531
112.319263,7569
112.320207,7606
112.321151,7643
112.322095,7680
112.325344,7717
112.326288,7754
112.327232,7791
112.500353,7827
112.501297,7863
112.502241,7899
112.503185,7935
112.506435,7971
112.507379,8007
112.508323,8042
112.681444,8077
112.682388,8112
112.683332,8147
112.684276,8182
112.687525,8217
112.688469,8251
112.689413,8285
112.862062,8319
112.863006,8353
112.863950,8387
112.864894,8421
112.868143,8455
112.869087,8488
112.870031,8521
113.042680,8554
113.043624,8587
113.044568,8620
113.045512,8653
113.048761,8686
113.049705,8719
113.050649,8751
113.223298,8783
113.224242,8815
113.225186,8847
113.226130,8879
113.227074,8911
113.229852,8943
113.230796,8975
113.231740,9007
113.404389,9038
113.405333,9069
113.406277,9100
113.407221,9131
113.408165,9162
113.410942,9193
113.411886,9224
113.585487,4020
113.772658,4091
113.774082,4161
113.946738,1340
114.507511,1554
115.049388,1072
115.410625,1340
115.591715,1554
115.772805,1738
115.953896,1903
116.134514,2053
116.315132,2192
116.495750,2323
116.676376,2446
116.857002,1072
117.218239,1340
117.399329,1554
117.580419,1738
117.761509,1903
117.942127,2053
118.122746,2192
118.303364,2323
118.304308,2446
118.484454,2563
118.485398,2675
118.665544,2782
118.666488,2885
118.846635,2984
118.847579,3080
119.027253,3173
119.028197,3263
119.207871,3351
119.208815,3436
119.209759,3519
119.388961,3600
119.389905,3679
119.390849,3757
119.570052,3833
119.570996,3907
119.571940,3980
119.750670,4052
119.751614,4122
119.752558,4191
119.931288,4259
119.932232,4326
119.933176,4392
120.111906,4457
120.112850,4521
120.113794,4584
120.114738,4646
120.292997,4707
120.293941,4768
120.294885,4828
120.295829,4887
120.474087,4945
120.475031,5003
120.475975,5060
120.476919,5116
120.654705,5172
120.655649,5227
120.656593,5281
120.657537,5335
120.835323,5388
120.836267,5441
120.837211,5493
120.838155,5545
121.015941,5596
121.017365,2144
121.378130,2278
121.379074,2404
121.559220,2523
121.560164,2636
121.740310,2744
121.741254,2848
121.921400,2948
121.922344,3045
122.102019,3139
122.102963,3230
122.282637,3318
122.283581,3404
122.284525,3488
122.463727,3570
122.464671,3650
122.465615,3728
122.644817,3805
122.645761,3880
122.646705,3954
122.825908,4026
122.826852,4097
122.827796,4167
123.006526,4235
123.007470,4302
123.008414,4368
123.187144,4433
123.188088,4497
123.189032,4560
123.189976,4623
123.368234,4685
123.369178,4746
123.370122,4806
123.371066,4865
123.549324,4924
123.550268,4982
123.551212,5039
123.552156,5096
123.729943,5152
123.730887,5207
123.731831,5262
123.732775,5316
123.910561,5370
123.911505,5423
123.912449,5475
123.913393,5527
124.091179,5578
124.092123,5629
124.093067,5680
124.094011,5730
124.094955,5780
124.272269,5829
124.273213,5878
124.274157,5926
124.275101,5974
124.276045,6022
124.453360,6069
124.454304,6116
124.455248,6162
124.456192,6208
124.457136,6254
124.633978,6299
124.634922,6344
124.635866,6389
124.636810,6433
124.637754,6477
124.814596,6521
124.815540,6565
124.816484,6608
124.817428,6651
124.818372,6694
124.819316,6736
124.995686,6778
124.996630,6820
124.997574,6862
124.998518,6903
124.999462,6944
125.000406,6985
125.176777,7026
125.177721,7066
125.178665,7106
125.179609,7146
125.180553,7186
125.181497,7225
125.357395,7264
125.358339,7303
125.359283,7342
125.360227,7381
125.361171,7419
125.362115,7457
125.538013,7495
125.538957,7533
125.539901,7571
125.540845,7608
125.541789,7645
125.542733,7682
125.718631,7719
125.719575,7756
125.720519,7793
125.721463,7829
125.722407,7865
125.723351,7901
125.724295,7937
125.899722,7973
125.900666,8009
125.901610,8044
125.902554,8079
125.903498,8114
125.904442,8149
125.905386,8184
126.081763,3484
126.267102,3566
126.441639,3646
126.443008,3724
126.448192,3801
126.622729,3876
126.624098,3950
126.629282,4022
126.803347,4093
126.804716,4163
126.809900,4232
126.983966,4299
126.985334,4365
126.990519,4430
127.164584,4494
127.165528,4557
127.166472,4620
127.171609,4682
127.345674,4743
127.346618,4803
127.347562,4862
127.352699,4921
127.526764,4979
127.527708,5036
127.528652,5093
127.533317,5149
127.707382,5204
127.708326,5259
127.709270,5313
127.713936,5367
127.888001,5420
127.888945,5473
127.889889,5525
127.894554,5576
127.895498,5627
128.069091,5678
128.070035,5728
128.070979,5778
128.075644,5827
128.076588,5876
128.250181,5924
128.251125,5972
128.252069,6020
128.256734,6067
128.257678,6114
128.431271,6160
128.432215,6206
128.433159,6252
128.437353,6297
128.438297,6342
128.611890,6387
128.612834,6431
128.613778,6475
128.617971,6519
128.618915,6563
128.792508,6606
128.793452,6649
128.794396,6692
128.795340,6734
128.799061,6776
128.800005,6818
128.973598,6860
128.974542,6901
128.975486,6942
128.976430,6983
128.980151,7024
128.981095,7064
129.154688,7104
129.155632,7144
129.156576,7184
129.157520,7223
129.160769,7262
129.161713,7301
129.335307,7340
129.336251,7379
129.337195,7417
129.338139,7455
129.341388,7493
129.342332,7531
129.515925,7569
129.516869,7606
129.517813,7643
129.518757,7680
129.522006,7717
129.522950,7754
129.523894,7791
129.697015,7827
129.697959,7863
129.698903,7899
129.699847,7935
129.703096,7971
129.704040,8007
129.704984,8042
129.878105,8077
129.879049,8112
129.879993,8147
129.880937,8182
129.884186,8217
129.885130,8251
129.886074,8285
130.058724,8319
130.059668,8353
130.060612,8387
130.061556,8421
130.064805,8455
130.065749,8488
130.066693,8521
130.239342,8554
130.240286,8587
130.241230,8620
130.242174,8653
130.245423,8686
130.246367,8719
130.247311,8751
130.420015,8783
130.421384,3752
130.608555,3828
130.781259,3903
130.782203,3976
130.789173,4048
130.961877,4118
130.962821,4187
130.969792,4255
131.142496,4322
131.143440,4388
131.150410,4453
131.323114,4517
131.324058,4580
131.325002,4642
131.331500,4703
131.504204,4764
131.505148,4824
131.506092,4883
131.512590,4941
131.685294,4999
131.686238,5056
131.687182,5112
131.693208,5168
131.865912,5223
131.866856,5278
131.867800,5332
131.873827,5385
132.046531,5438
132.047475,5490
132.048419,5542
132.054445,5593
132.055389,5644
132.227621,5694
132.228565,5744
132.235071,5794
132.236015,2144
132.596787,2278
132.597731,2404
132.777877,2523
132.778821,2636
132.958967,2744
132.959911,2848
133.140058,2948
133.141002,3045
133.320676,3139
133.321620,3230
133.501294,3318
133.502238,3404
133.681920,3488
133.682864,1072
134.044580,1340
134.225670,1554
134.406761,1738
134.587851,1903
134.768469,2053
134.949087,2192
135.129706,2323
135.130650,2446
135.310796,2563
135.311740,2675
135.491886,2782
135.492830,2885
135.672976,2984
135.673920,3080
135.853595,3173
135.854539,3263
136.034213,3351
136.035157,3436
136.036101,3519
136.215303,3600
136.216247,3679
136.217191,3757
136.396393,3833
136.397337,3907
136.398281,3980
136.577012,4052
136.577956,4122
136.578900,4191
136.757630,4259
136.758574,4326
136.759518,4392
136.938248,4457
136.939192,4521
136.940136,4584
136.941080,4646
137.119338,4707
137.120282,4768
137.121226,4828
137.122170,4887
137.300429,4945
137.301373,5003
137.302317,5060
137.303261,5116
137.481047,5172
137.481991,5227
137.482935,5281
137.483879,5335
137.661665,5388
137.662609,5441
137.663553,5493
137.664497,5545
137.842283,5596
137.843227,5647
137.844171,5697
137.845115,5747
137.846059,5796
138.023373,5845
138.024317,5894
138.025261,5942
138.026205,5990
138.027149,6037
138.204464,6084
138.205408,6131
138.206352,6177
138.207296,6223
138.208240,6269
138.385082,6314
138.386026,6359
138.386970,6404
138.387914,6448
138.388858,6492
138.565700,6536
138.566644,6579
138.567588,6622
138.568532,6665
138.569476,6708
138.570420,6750
138.746790,6792
138.747734,6834
138.748678,6876
138.749622,6917
138.750566,6958
138.751510,6999
138.927881,7040
138.928825,7080
138.929769,7120
138.930713,7160
138.931657,7200
138.932601,7239
139.108499,7278
139.109443,7317
139.110387,7356
139.111331,7395
139.112275,7433
139.113219,7471
139.289117,7509
139.290061,7547
139.291005,7585
139.291949,7622
139.292893,7659
139.293837,7696
139.469735,7733
139.470679,7770
139.471623,7806
139.473047,3216
139.832868,3305
139.833812,3391
139.834756,3475
140.013958,3557
140.014902,3637
140.015846,3715
140.195048,3792
140.195992,3867
140.196936,3941
140.376138,4013
140.377082,4084
140.378034,4154
140.557236,1340
140.918480,1554
141.099571,1738
141.280661,1903
141.461279,2053
141.641897,2192
141.822515,2323
141.823459,2446
142.003606,2563
142.004550,2675
142.184696,2782
142.185640,2885
142.365786,2984
142.366730,3080
142.546404,3173
142.547348,3263
142.727023,3351
142.727967,3436
142.728911,3519
142.908113,3600
142.909057,3679
142.910001,3757
143.089203,3833
143.090147,3907
143.091091,3980
143.269821,4052
143.270765,4122
143.271709,4191
143.450440,4259
143.451384,4326
143.452328,4392
143.631058,4457
143.632002,4521
143.632946,4584
143.633890,4646
143.812148,4707
143.813092,4768
143.814036,4828
143.814980,4887
143.993238,4945
143.994182,5003
143.995126,5060
143.996070,5116
144.173857,5172
144.174801,5227
144.175745,5281
144.176689,5335
144.354475,5388
144.355419,5441
144.356363,5493
144.357307,5545
144.535093,5596
144.536037,5647
144.536981,5697
144.537925,5747
144.538869,5796
144.716183,5845
144.717127,5894
144.718071,5942
144.719015,5990
144.719959,6037
144.897273,6084
144.899169,2412
145.259462,2531
145.260413,2644
145.440552,2752
145.441504,2856
145.621642,2956
145.622586,3053
145.802260,3147
145.803204,3238
145.982879,3326
145.983823,3412
145.984767,3496
146.163969,3578
146.164913,3658
146.165857,3736
146.345059,3812
146.346003,3887
146.346947,3960
146.526149,4032
146.527093,4103
146.528037,4173
146.706768,4241
146.707712,4308
146.708656,4374
146.887386,4439
146.888330,4503
146.889274,4566
146.890218,4628
147.068476,4690
147.069420,4751
147.070364,4811
147.071308,4870
147.249566,4928
147.250510,4986
147.251454,5043
147.252398,5099
147.430184,5155
147.431128,5210
147.432072,5265
147.433016,5319
147.610803,5373
147.611747,5426
147.612691,5478
147.613635,5530
147.791421,5581
147.792365,5632
147.793309,5683
147.794253,5733
147.795197,5783
147.972511,5832
147.973455,5881
147.974399,5929
147.975343,5977
147.976287,6025
148.153601,6072
148.154545,6119
148.155489,6165
148.156433,6211
148.157377,6257
148.334220,6302
148.335164,6347
148.336108,6392
148.337052,6436
148.337996,6480
148.514838,6524
148.515782,6568
148.516726,6611
148.517670,6654
148.518614,6697
148.519558,6739
148.695928,6781
148.696872,6823
148.697816,6865
148.698760,6906
148.699704,6947
148.700648,6988
148.877018,7029
148.877962,7069
148.878906,7109
148.879850,7149
148.880794,7189
148.881738,7228
149.057637,7267
149.058581,7306
149.059525,7345
149.060469,7384
149.061413,7422
149.062357,7460
149.238255,7498
149.239199,7536
149.240143,7574
149.241087,7611
149.242031,7648
149.242975,7685
149.418873,7722
149.419817,7759
149.420761,7796
149.421705,7832
149.422649,7868
149.423593,7904
149.424537,7940
149.599963,7976
149.600907,8012
149.601851,8047
149.602795,8082
149.603739,8117
149.604683,8152
149.605627,8187
149.781054,8222
149.781998,8256
149.782942,8290
149.783886,8324
149.784830,8358
149.785774,8392
149.786718,8426
149.961672,8460
149.962616,8493
149.963560,8526
149.964504,8559
149.965448,8592
149.966392,8625
149.967336,8658
150.142290,8691
150.143234,8724
150.144178,8756
150.145122,8788
150.146066,8820
150.147010,8852
150.147954,8884
150.322916,8916
150.323860,3752
150.509198,3828
150.684160,3903
150.685104,3976
150.689816,4048
150.864778,4118
150.865722,4187
150.870435,4255
151.045397,4322
151.046341,4388
151.051053,4453
151.226015,4517
151.226959,4580
151.227903,4642
151.232143,4703
151.407105,4764
151.408049,4824
151.408993,4883
151.413233,4941
151.588195,4999
151.589139,5056
151.590083,5112
151.593852,5168
151.768814,5223
151.769758,5278
151.770702,5332
151.774470,5385
151.949432,5438
151.950376,5490
151.951320,5542
151.955088,5593
151.956032,5644
152.130522,5694
152.131466,5744
152.132410,5794
152.136178,5843
152.137122,5892
152.311612,5940
152.312556,5988
152.313500,6035
152.317269,6082
152.318213,6129
152.492702,6175
152.493646,6221
152.494590,6267
152.497887,6312
152.498831,6357
152.673321,6402
152.674265,6446
152.675209,6490
152.678505,6534
152.679449,6577
152.853939,6620
152.854883,6663
152.855827,6706
152.856771,6748
152.859595,6790
152.860539,6832
153.035029,6874
153.035973,6915
153.036917,6956
153.037861,6997
153.040685,7038
153.041629,7078
153.216119,7118
153.217063,7158
153.218007,7198
153.218951,7237
153.221304,7276
153.222248,7315
153.396738,7354
153.397682,7393
153.398626,7431
153.399570,7469
153.401922,7507
153.402866,7545
153.577356,7583
153.578300,7620
153.579244,7657
153.580188,7694
153.582540,7731
153.583484,7768
153.584428,7804
153.758446,7840
153.759390,7876
153.760334,7912
153.761278,7948
153.763630,7984
153.764574,8019
153.765518,8054
153.939536,8089
153.940480,8124
153.941424,8159
153.942368,8194
153.944721,8229
153.945665,8263
153.946609,8297
154.120155,8331
154.121099,8365
154.122043,8399
154.122987,8433
154.125339,8467
154.126283,8500
154.127227,8533
154.300773,8566
154.301717,8599
154.302661,8632
154.303605,8665
154.305957,8698
154.306901,8731
154.307845,8763
154.481391,8795
154.482335,8827
154.483279,8859
154.484223,8891
154.485167,8923
154.487047,8955
154.487991,8987
154.488935,9018
154.662481,9049
154.663425,9080
154.664369,9111
154.665313,9142
154.666257,9173
154.668138,9204
154.669082,9235
154.670026,9266
154.843572,9297
154.844516,9327
154.845460,9357
154.846404,9387
154.847348,9417
154.848756,9447
154.849700,9477
154.850644,9507
155.024190,9537
155.025134,9567
155.026078,9597
155.027022,9626
155.027966,9655
155.029374,9684
155.030318,9713
155.031262,9742
155.204808,9771
155.205752,9800
155.206751,9829
155.208120,4288
155.566524,4355
155.567468,4420
155.568467,4484
155.569411,4548
155.747614,4611
155.748558,4673
155.749557,4734
155.750501,4794
155.928705,4853
155.929649,4912
155.930648,4970
155.931592,5027
156.109795,5084
156.110739,5140
156.111683,5195
156.112627,5250
156.290413,5304
156.291357,5358
156.292301,5411
156.293245,5464
156.471031,5516
156.471975,5568
156.472919,5619
156.473863,5670
156.474807,5720
156.652122,5770
156.654017,2144
157.014310,2278
157.015261,2404
157.195400,2523
157.196352,2636
157.376490,2744
157.377442,2848
157.557580,2948
157.558524,3045
157.738199,3139
157.739143,3230
157.918817,3318
157.919761,3404
157.920705,3488
158.099907,3570
158.100851,3650
158.101795,3728
158.280997,3805
158.281941,3880
158.282885,3954
158.462088,4026
158.463032,4097
158.463976,4167
158.642706,4235
158.643650,4302
158.644594,4368
158.823324,4433
158.824268,4497
158.825212,4560
158.826156,4623
159.004414,4685
159.006310,1608
159.367082,1786
159.547700,1946
159.728319,2093
159.908937,2230
160.089555,2358
160.090499,2479
160.270645,2594
160.271589,2704
160.451736,2810
160.452680,2912
160.632354,3010
160.633298,3105
160.812972,3197
160.813916,3286
160.993590,3373
160.994534,3458
160.995478,3541
161.174681,3622
161.175625,3701
161.176569,3778
161.355771,3854
161.356715,3928
161.357659,4001
161.536389,4072
161.537333,4142
161.538277,4211
161.717007,4279
161.717951,4346
161.897633,1608
162.081083,1786
162.261702,1946
162.442320,2093
162.622938,2230
162.803556,2358
162.804500,2479
162.984647,2594
162.985591,2704
163.165737,2810
163.166681,2912
163.346355,3010
163.347299,3105
163.526973,3197
163.527917,3286
163.707592,3373
163.708536,3458
163.709480,3541
163.888682,3622
163.889626,3701
163.890570,3778
164.070724,1340
164.431968,1554
164.613058,1738
164.794148,1903
164.974767,2053
165.155385,2192
165.336003,2323
165.336947,2446
165.517093,2563
165.518037,2675
165.698183,2782
165.699127,2885
165.879274,2984
165.880218,3080
166.059892,3173
166.060836,3263
166.240510,3351
166.241454,3436
166.242398,3519
166.421600,3600
166.422544,3679
166.423488,3757
166.602691,3833
166.603635,3907
166.604579,3980
166.783309,4052
166.784253,4122
166.785197,4191
166.963982,4259
166.965351,1340
167.326642,1554
167.507732,1738
167.688823,1903
167.869441,2053
168.050059,2192
168.230677,2323
168.231621,2446
168.411768,2563
168.412712,2675
168.592858,2782
168.593802,2885
168.773948,2984
168.774892,3080
168.954566,3173
168.955510,3263
169.135185,3351
169.136129,3436
169.137073,3519
169.316275,3600
169.317219,3679
169.318163,3757
169.497365,3833
169.498309,3907
169.499253,3980
169.677983,4052
169.678927,4122
169.679871,4191
169.858601,4259
169.859545,4326
169.860489,4392
170.039220,4457
170.040164,4521
170.041108,4584
170.042052,4646
170.220310,4707
170.221254,4768
170.222198,4828
170.223142,4887
170.401400,4945
170.402344,5003
170.403288,5060
170.404232,5116
170.582018,5172
170.582962,5227
170.583906,5281
170.584850,5335
170.762637,5388
170.763581,5441
170.764525,5493
170.765469,5545
170.943255,5596
170.944199,5647
170.945143,5697
170.946087,5747
170.947031,5796
171.124345,5845
171.125289,5894
171.126233,5942
171.127177,5990
171.128121,6037
171.305435,6084
171.306379,6131
171.307323,6177
171.308267,6223
171.309211,6269
171.486054,6314
171.486998,6359
171.487942,6404
171.488886,6448
171.489830,6492
171.666672,6536
171.667616,6579
171.668560,6622
171.669504,6665
171.670448,6708
171.671392,6750
171.847762,6792
171.848706,6834
171.849650,6876
171.850594,6917
171.851538,6958
171.852482,6999
172.028852,7040
172.029796,7080
172.030740,7120
172.031684,7160
172.032628,7200
172.033572,7239
172.209471,7278
172.210415,7317
172.211359,7356
172.212303,7395
172.213247,7433
172.214191,7471
172.390089,7509
172.391033,7547
172.391977,7585
172.392921,7622
172.393865,7659
172.394809,7696
172.570707,7733
172.571651,7770
172.572595,7806
172.573539,7842
172.574491,7878
172.575435,3216
172.935255,3305
172.936207,3391
172.937151,3475
173.116345,3557
173.117297,3637
173.118241,3715
173.297436,3792
173.298387,3867
173.299331,3941
173.478526,4013
173.479470,4084
173.480414,4154
173.659144,4223
173.660088,4291
173.661032,4357
173.839762,4422
173.840706,4486
173.841650,4550
173.842594,4613
174.020853,4675
174.021797,4736
174.022741,4796
174.023685,4855
174.201943,4914
174.202887,4972
174.203831,5029
174.204775,5086
174.382561,5142
174.383505,5197
174.384449,5252
174.385393,5306
174.563179,5360
174.564123,5413
174.565067,5466
174.566011,5518
174.743798,5570
174.744742,5621
174.745686,5672
174.746630,5722
174.747574,5772
174.924888,5821
174.925832,5870
174.926776,5918
174.927720,5966
174.928664,6014
175.105978,6061
175.106922,6108
175.107866,6155
175.108810,6201
175.109754,6247
175.286596,6292
175.287540,6337
175.288484,6382
175.289428,6427
175.290372,6471
175.467214,6515
175.468158,6559
175.469102,6602
175.470046,6645
175.470990,6688
175.471934,6730
175.648305,6772
175.649249,6814
175.650193,6856
175.651137,6897
175.652081,6938
175.653025,6979
175.829395,7020
175.830339,7060
175.831283,7100
175.832227,7140
175.833171,7180
175.834115,7220
176.010013,7259
176.010957,7298
176.011901,7337
176.012845,7376
176.013789,7414
176.014733,7452
176.190631,7490
176.191575,7528
176.192519,7566
176.193463,7603
176.194407,7640
176.195351,7677
176.371250,7714
176.372194,7751
176.373138,7788
176.374082,7824
176.375026,7860
176.375970,7896
176.376914,7932
176.552340,7968
176.553284,8004
176.554228,8039
176.555172,8074
176.556116,8109
176.557060,8144
176.558004,8179
176.733430,8214
176.734374,8248
176.735318,8282
176.736262,8316
176.737206,8350
176.738150,8384
176.739094,8418
176.914048,8452
176.914992,8485
176.915936,8518
176.916880,8551
176.917824,8584
176.918768,8617
176.919712,8650
177.094667,8683
177.095611,8716
177.096555,8748
177.097499,8780
177.098443,8812
177.099387,8844
177.100331,8876
177.101275,8908
177.275757,8940
177.276701,8972
177.277645,9004
177.278589,9035
177.279533,9066
177.280477,9097
177.281421,9128
177.282365,9159
177.456847,9190
177.457791,9221
177.458735,9252
177.459679,9283
177.460623,9313
177.461567,9343
177.462511,9373
177.463455,9403
177.637465,9433
177.638409,9463
177.639353,9493
177.640297,9523
177.641241,9553
177.642185,9583
177.643129,9612
177.644073,9641
177.818084,9670
177.819028,9699
177.819972,9728
177.820916,9757
177.821860,9786
177.822804,9815
177.823748,9844
177.824692,9873
177.998702,9902
177.999646,9931
178.000590,9959
178.001534,9987
178.002478,10015
178.003422,10043
178.004366,10071
178.005310,10099
178.006254,10127
178.179792,10155
178.180736,10183
178.182632,4288
178.541036,4355
178.541980,4420
178.542924,4484
178.543876,4548
178.722126,4611
178.723070,4673
178.724014,4734
178.724966,4794
178.903217,4853
178.904161,4912
178.905105,4970
178.906056,5027
179.084307,5084
179.085251,5140
179.086195,5195
179.087139,5250
179.264925,5304
179.265869,5358
179.266813,5411
179.267757,5464
179.445543,5516
179.446487,5568
179.447431,5619
179.448375,5670
179.449319,5720
179.626634,5770
179.627578,5819
179.628522,5868
179.629466,5916
179.630410,5964
179.807724,6012
179.808668,6059
179.809612,6106
179.810556,6153
179.811500,6199
179.988342,6245
179.989286,6291
179.990230,6336
179.991174,6381
179.992118,6426
180.168960,6470
180.169904,6514
180.170848,6558
180.171792,6601
180.172736,6644
180.349579,6687
180.350523,6729
180.351467,6771
180.352411,6813
180.353355,6855
180.354299,6896
180.530669,6937
180.531613,6978
180.532557,7019
180.533501,7059
180.534445,7099
180.535389,7139
180.711759,7179
180.712703,7219
180.713647,7258
180.714591,7297
180.715535,7336
180.716479,7375
180.892377,7413
180.893321,7451
180.894265,7489
180.895209,7527
180.896153,7565
180.897097,7602
181.072995,7639
181.073939,7676
181.074883,7713
181.075827,7750
181.076771,7787
181.077715,7823
181.078659,7859
181.254086,7895
181.255030,7931
181.255974,7967
181.257869,3216
181.617218,3305
181.618162,3391
181.619114,3475
181.798308,3557
181.799252,3637
181.800204,3715
181.979398,3792
181.980342,3867
181.981294,3941
182.160489,4013
182.161433,4084
182.162377,4154
182.341107,4223
182.342051,4291
182.342995,4357
182.521725,4422
182.522669,4486
182.523613,4550
182.702351,4613
182.703295,1608
183.064539,1786
183.245157,1946
183.425776,2093
183.606394,2230
183.787012,2358
183.787956,2479
183.968102,2594
183.969046,2704
184.149193,2810
184.150137,2912
184.329811,3010
184.330755,3105
184.510429,3197
184.511373,3286
184.691047,3373
184.691991,3458
184.692935,3541
184.872138,3622
184.873082,3701
184.874025,3778
185.053228,3854
185.054172,3928
185.055116,4001
185.233846,4072
185.234790,4142
185.235734,4211
185.414464,4279
185.415408,4346
185.416352,4412
185.595082,4477
185.596026,4541
185.596970,4604
185.597914,4666
185.776173,4727
185.777117,4787
185.778061,4847
185.779005,4906
185.957263,4964
185.958207,5021
185.959151,5078
185.960095,5134
186.137881,5189
186.138825,5244
186.139769,5298
186.140713,5352
186.318499,5405
186.319443,5458
186.320387,5510
186.321331,5562
186.499118,5613
186.500062,5664
186.501006,5714
186.501950,5764
186.502894,5813
186.680208,5862
186.681152,5911
186.683048,2412
187.043812,2531
187.044756,2644
187.224902,2752
187.225846,2856
187.405992,2956
187.406936,3053
187.586611,3147
187.587555,3238
187.767229,3326
187.768173,3412
187.769117,3496
187.948319,3578
187.949263,3658
187.950207,3736
188.129409,3812
188.130353,3887
188.131297,3960
188.310500,4032
188.311444,4103
188.312388,4173
188.491118,4241
188.492062,4308
188.493006,4374
188.671736,4439
188.672680,4503
188.673624,4566
188.674568,4628
188.852826,4690
188.853770,4751
188.854714,4811
188.855658,4870
189.033917,4928
189.034861,4986
189.035805,5043
189.036749,5099
189.214535,5155
189.215479,5210
189.216423,5265
189.217367,5319
189.395153,5373
189.396097,5426
189.397041,5478
189.397985,5530
189.575771,5581
189.576715,5632
189.577659,5683
189.578603,5733
189.579547,5783
189.756862,5832
189.757806,5881
189.758750,5929
189.759694,5977
189.760638,6025
189.938431,6072
189.939375,2412
190.300148,2531
190.301092,2644
190.481238,2752
190.482182,2856
190.662328,2956
190.663272,3053
190.842946,3147
190.843890,3238
191.023565,3326
191.024509,3412
191.025453,3496
191.204655,3578
191.205599,3658
191.206543,3736
191.385745,3812
191.386689,3887
191.387633,3960
191.566835,4032
191.567779,4103
191.568731,4173
191.747933,1340
192.109177,1554
192.290268,1738
192.471358,1903
192.651976,2053
192.832594,2192
193.013213,2323
193.014157,2446
193.194303,2563
193.195247,2675
193.375393,2782
193.376337,2885
193.556483,2984
193.557427,3080
193.737101,3173
193.738045,3263
193.917720,3351
193.918664,3436
193.919608,3519
194.098810,3600
194.099754,3679
194.100698,3757
194.279900,3833
194.281796,1340
194.643040,1554
194.824130,1738
195.005228,1903
195.186326,1072
195.547570,1340
195.728660,1554
195.909751,1738
196.090841,1903
196.271459,2053
196.452077,2192
196.632696,2323
196.633640,2446
196.813786,2563
196.814730,2675
196.994876,2782
196.995820,2885
197.175966,2984
197.176910,3080
197.356585,3173
197.357529,3263
197.537203,3351
197.538147,3436
197.539091,3519
197.718293,3600
197.719237,3679
197.720181,3757
197.899383,3833
197.900327,3907
197.901271,3980
198.080002,4052
198.080946,4122
198.260620,4191
198.261564,4259
198.441238,4326
198.442182,4392
198.443126,4457
198.621856,4521
198.622800,4584
198.623744,4646
198.624688,4707
198.802947,4768
198.803890,4828
198.804834,4887
198.805778,4945
198.984037,5003
198.984981,5060
198.985925,5116
198.986876,5172
199.165135,1876
199.525907,2029
199.706525,2170
199.887143,2302
199.888087,2426
200.068234,2544
200.069178,2656
200.249324,2764
200.250268,2867
200.430414,2967
200.431358,3063
200.611032,3156
200.611976,3247
200.791650,3335
200.792594,3421
200.793538,3504
200.972741,3585
200.973685,3665
200.974629,3743
201.153831,3819
201.154775,3894
201.155719,3967
201.334921,4039
201.335865,4110
201.336809,4179
201.515539,4247
201.516483,4314
201.517427,4380
201.696158,4445
201.697102,4509
201.698046,4572
201.698990,4634
201.877248,4695
201.878192,4756
201.879136,4816
201.880080,4875
202.058338,4933
202.059282,4991
202.060226,5048
202.061170,5104
202.238956,5160
202.239900,5215
202.240844,5270
202.241788,5324
202.419575,5377
202.420519,5430
202.421463,5482
202.422407,5534
202.600193,5585
202.601137,5636
202.602081,5686
202.603025,5736
202.603969,5786
202.781283,5835
202.782227,5884
202.783171,5932
202.784115,5980
202.785059,6028
202.962373,6075
202.963317,6122
202.964261,6168
202.965205,6214
202.966149,6260
203.142992,6305
203.143936,6350
203.144880,6395
203.146775,2412
203.507075,2531
203.508019,2644
203.688166,2752
203.689110,2856
203.869256,2956
203.870200,3053
204.049874,3147
204.050818,3238
204.230492,3326
204.231436,3412
204.232380,3496
204.411583,3578
204.412527,3658
204.413471,3736
204.592673,3812
204.593617,3887
204.594561,3960
204.773763,4032
204.774707,4103
204.775651,4173
204.954381,4241
204.955325,4308
204.956269,4374
205.134999,4439
205.135943,4503
205.136887,4566
205.137831,4628
205.316090,4690
205.317034,4751
205.317978,4811
205.318922,4870
205.497180,4928
205.498124,4986
205.499068,5043
205.500012,5099
205.677798,5155
205.678742,5210
205.679686,5265
205.680630,5319
205.858416,5373
205.859360,5426
205.860304,5478
205.861248,5530
206.039035,5581
206.039979,5632
206.040923,5683
206.041867,5733
206.042811,5783
206.220125,5832
206.221069,5881
206.222013,5929
206.222957,5977
206.223901,6025
206.401215,6072
206.402159,6119
206.403103,6165
206.404047,6211
206.404991,6257
206.581833,6302
206.582777,6347
206.583721,6392
206.584665,6436
206.585609,6480
206.762452,6524
206.763396,6568
206.764340,6611
206.765284,6654
206.766228,6697
206.767172,6739
206.943542,6781
206.944486,6823
206.945430,6865
206.946374,6906
206.947318,6947
206.948262,6988
207.124632,7029
207.125576,7069
207.126520,7109
207.127464,7149
207.128408,7189
207.129352,7228
207.305250,7267
207.306194,7306
207.307138,7345
207.308082,7384
207.309026,7422
207.309970,7460
207.485869,7498
207.486813,7536
207.487757,7574
207.488701,7611
207.489645,7648
207.490589,7685
207.666487,7722
207.667431,7759
207.668375,7796
207.669319,7832
207.670263,7868
207.671207,7904
207.672151,7940
207.847577,7976
207.848521,8012
207.849465,8047
207.850409,8082
207.851353,8117
207.852297,8152
207.853241,8187
208.028667,8222
208.029611,8256
208.030555,8290
208.031499,8324
208.032443,8358
208.033387,8392
208.034331,8426
208.209286,8460
208.210230,8493
208.211174,8526
208.212118,8559
208.213062,8592
208.214006,8625
208.214950,8658
208.389904,8691
208.390848,8724
208.391792,8756
208.392736,8788
208.393680,8820
208.394624,8852
208.395568,8884
208.396512,8916
208.570994,8948
208.571938,8980
208.572882,9011
208.573826,9042
208.574770,9073
208.575714,9104
208.576658,9135
208.577602,9166
208.752084,9197
208.753028,9228
208.753972,9259
208.754916,9290
208.755860,9320
208.756804,9350
208.757756,9380
208.758700,4020
209.118048,4091
209.119000,4161
209.119944,4230
209.298667,4297
209.299618,4363
209.300562,4428
209.479285,4492
209.480229,4555
209.481173,4618
209.482117,4680
209.660375,4741
209.661319,4801
209.662263,4860
209.663207,4919
209.841465,4977
209.842409,5034
209.843353,5091
209.844297,5147
210.022084,5202
210.023028,5257
210.023972,5311
210.024916,5365
210.202702,5418
210.203646,5471
210.204590,5523
210.205534,5575
210.206478,5626
210.383792,5677
210.384736,5727
210.385680,5777
210.386624,5826
210.387568,5875
210.564882,5923
210.565826,5971
210.566770,6019
210.567714,6066
210.568658,6113
210.745972,6159
210.746916,6205
210.747860,6251
210.748804,6296
210.749748,6341
210.926591,6386
210.927535,6430
210.928479,6474
210.929423,6518
210.930367,6562
211.107209,6605
211.108153,6648
211.109097,6691
211.110041,6733
211.110985,6775
211.111929,6817
211.288299,6859
211.289243,6900
211.290187,6941
211.291131,6982
211.292075,7023
211.293019,7063
211.469389,7103
211.470333,7143
211.471277,7183
211.472221,7222
211.473165,7261
211.474109,7300
211.650008,7339
211.650952,7378
211.651896,7416
211.652840,7454
211.653784,7492
211.654728,7530
211.830626,7568
211.831570,7605
211.832514,7642
211.833458,7679
211.834402,7716
211.835346,7753
211.836290,7790
212.011716,7826
212.012660,7862
212.013604,7898
212.014548,7934
212.015492,7970
212.016436,8006
212.017380,8041
212.192806,8076
212.193750,8111
212.194694,8146
212.195638,8181
212.196582,8216
212.197526,8250
212.198470,8284
212.373425,8318
212.374369,8352
212.375313,8386
212.376257,8420
212.377201,8454
212.378145,8487
212.379089,8520
212.554043,8553
212.554987,8586
212.555931,8619
212.556875,8652
212.557819,8685
212.558763,8718
212.559707,8750
212.734661,8782
212.736557,3752
212.921895,3828
213.096377,3903
213.097329,3976
213.102513,4048
213.276995,4118
213.277947,4187
213.283131,4255
213.457614,4322
213.458565,4388
213.463750,4453
213.638232,4517
213.639176,4580
213.640120,4642
213.644840,4703
213.819322,4764
213.820266,4824
213.821210,4883
213.825930,4941
214.000412,4999
214.001356,5056
214.002300,5112
214.006548,5168
214.181031,5223
214.181975,5278
214.182919,5332
214.187167,5385
214.361649,5438
214.362593,5490
214.363537,5542
214.367785,5593
214.368729,5644
214.542739,5694
214.543683,5744
214.544627,5794
214.548875,5843
214.549819,5892
214.723829,5940
214.725725,2412
215.086490,2531
215.087434,2644
215.267580,2752
215.268524,2856
215.448670,2956
215.449614,3053
215.629288,3147
215.630232,3238
215.809906,3326
215.810905,3412
215.990532,1072
216.351769,1340
216.532859,1554
216.713949,1738
216.895040,1903
217.075658,2053
217.256276,2192
217.436894,2323
217.437838,2446
217.617985,2563
217.618929,2675
217.799075,2782
217.800019,2885
217.980165,2984
217.981109,3080
218.160783,3173
218.161727,3263
218.341401,3351
218.342345,3436
218.343289,3519
218.522492,3600
218.523436,3679
218.524380,3757
218.703582,3833
218.704526,3907
218.705470,3980
218.884200,4052
218.885144,4122
218.886088,4191
219.064818,4259
219.065762,4326
219.066706,4392
219.245437,4457
219.246381,4521
219.247325,4584
219.248269,4646
219.426527,4707
219.427471,4768
219.428415,4828
219.429359,4887
219.607617,4945
219.608561,5003
219.609505,5060
219.610449,5116
219.788235,5172
219.789179,5227
219.790123,5281
219.791067,5335
219.968854,5388
219.969798,5441
219.970742,5493
219.971686,5545
220.149472,5596
220.150416,5647
220.151360,5697
220.152304,5747
220.153248,5796
220.330562,5845
220.331506,5894
220.332450,5942
220.333394,5990
220.334338,6037
220.511652,6084
220.512596,6131
220.513540,6177
220.514484,6223
220.515428,6269
220.692271,6314
220.693215,6359
220.694159,6404
220.695103,6448
220.696047,6492
220.872889,6536
220.873833,6579
220.874777,6622
220.875721,6665
220.876665,6708
220.877609,6750
221.053979,6792
221.054923,6834
221.055867,6876
221.056811,6917
221.057755,6958
221.058699,6999
221.235069,7040
221.236013,7080
221.236957,7120
221.237901,7160
221.238845,7200
221.239789,7239
221.415687,7278
221.416631,7317
221.417575,7356
221.418519,7395
221.419518,7433
221.420887,2948
221.780763,3045
221.781707,3139
221.961381,3230
221.962325,3318
222.141999,3404
222.142943,3488
222.143887,3570
222.323089,3650
222.324033,3728
222.324977,3805
222.504179,3880
222.505123,3954
222.506067,4026
222.684798,4097
222.685742,4167
222.686686,4235
222.865416,4302
222.866360,4368
222.867304,4433
223.046034,4497
223.046978,4560
223.047922,4623
223.048866,4685
223.227124,4746
223.228068,4806
223.229012,4865
223.229956,4924
223.408215,4982
223.409159,5039
223.410103,5096
223.411047,5152
223.588833,5207
223.589777,5262
223.590721,5316
223.591665,5370
223.769451,5423
223.770395,5475
223.771339,5527
223.772283,5578
223.773227,5629
223.950541,5680
223.951485,5730
223.952429,5780
223.953373,5829
223.954317,5878
224.131632,5926
224.132576,5974
224.133520,6022
224.134464,6069
224.135408,6116
224.312722,6162
224.313666,6208
224.314610,6254
224.315554,6299
224.316498,6344
224.493340,6389
224.494284,6433
224.495228,6477
224.496172,6521
224.497116,6565
224.673958,6608
224.674902,6651
224.675846,6694
224.676790,6736
224.677734,6778
224.678678,6820
224.855049,6862
224.855993,6903
224.856937,6944
224.857881,6985
224.858825,7026
224.859769,7066
225.036139,7106
225.037083,7146
225.038027,7186
225.038971,7225
225.039915,7264
225.040859,7303
225.216757,7342
225.217701,7381
225.218645,7419
225.219589,7457
225.220533,7495
225.221532,7533
225.397855,3216
225.583256,3305
225.758635,3391
225.762875,3475
225.764346,3557
225.939725,3637
225.943965,3715
225.945436,3792
226.120815,3867
226.125056,3941
226.126526,4013
226.301433,4084
226.305674,4154
226.307145,4223
226.482052,4291
226.486292,4357
226.487763,4422
226.662670,4486
226.663614,4550
226.667382,4613
226.668853,4675
226.843760,4736
226.844704,4796
226.848472,4855
226.849943,4914
227.024850,4972
227.025794,5029
227.029563,5086
227.205469,5142
227.210189,1876
227.569073,2029
227.749691,2170
227.930309,2302
227.931253,2426
228.111400,2544
228.112344,2656
228.292490,2764
228.293434,2867
228.473580,2967
228.474524,3063
228.654198,3156
228.655142,3247
228.834816,3335
228.835760,3421
228.836704,3504
229.015907,3585
229.016851,3665
229.017795,3743
229.196997,3819
229.197941,3894
229.198885,3967
229.378087,4039
229.379031,4110
229.379975,4179
229.558705,4247
229.559649,4314
229.560593,4380
229.739324,4445
229.740268,4509
229.741212,4572
229.742156,4634
229.920414,4695
229.921358,4756
229.922302,4816
229.923246,4875
